silhouette,davies_bouldin,calinski_harabasz
0.23359831047698035,1.9122822697603379,18.323973103698307
