silhouette,davies_bouldin,calinski_harabasz
0.3596785852237523,0.9129616531065509,127.21405131938687
