silhouette,davies_bouldin,calinski_harabasz
0.3735178919547753,0.8409798572304468,135.67639626614786
